molecule_class,mw,logp,tpsa,n_atoms,hba,hbd,arom_rings,rings,homo,lumo,gap,zpve,alpha,mu
amine,56.68675568341683,2.403412549258048,44.79706973743784,5,1,2,0,1,-9.290594322127049,-0.8630547345805191,8.42753958754653,0.0049647983857821,3.136323118539198,1.0035370257514749
acid,108.58175564787594,0.5602157367844642,59.54031421758992,4,2,1,0,1,-8.944359868142065,-1.460916624294467,7.483443243847598,0.003575815491992668,2.3971847912582995,2.1228596773361357
ester,93.43541387010795,3.1590044717990704,41.83166466825022,4,2,0,0,1,-7.920129530750343,-1.6435496222703754,6.2765799084799685,0.004070315873859305,2.5244763305145304,2.0372074164503777
alkane,53.981698575076145,0.12895784929280585,1.6399774185705482,5,0,0,0,0,-8.338518970945877,-1.6552629261253209,6.683256044820556,0.004259148404109457,2.6442302677474725,0.0
alcohol,40.29067412678766,0.8530319998768827,35.539402221715164,2,1,1,0,1,-8.397944733078424,-1.7726729129060974,6.625271820172326,0.002175494164231842,3.2215335245426244,1.0860228883130154
amine,72.7870161000959,2.6303278271136814,48.771192499935495,6,1,2,0,1,-7.747784061809173,-2.5179245460707387,5.229859515738434,0.0052480115140750684,4.038899600753735,0.87138988130596
phenol,128.15123795365508,2.1229775335961483,32.252236894349586,11,1,1,1,2,-8.887004209200311,-1.310851791293159,7.576152417907153,0.009225951662576438,6.142411842547178,1.0375206381862865
halide,63.64973379015001,1.6467121309906552,6.918601805964996,5,0,0,0,0,-8.240496846300434,-0.7329808255728567,7.507516020727578,0.004017712665191517,5.118267252782164,0.0
ester,73.78716798340184,1.2856891236942065,38.924254171144355,5,2,0,0,1,-8.849352083963193,-1.568100569440905,7.281251514522289,0.004253057758071838,2.7589600283320572,2.0862596038424495
ester,108.80915632809504,3.3709147538923383,43.34277671628368,4,2,0,0,1,-7.1690144710309225,-1.9274176591480503,5.241596811882872,0.00398825367954086,3.0471636960385795,1.0201977100344113
heterocycle,97.27837635504562,1.8558856037278806,26.522568485577757,6,1,0,1,2,-9.06121363624172,-0.2566507046721564,8.804562931569563,0.005607663173776905,4.787909398146988,0.7947717045481735
amine,35.193947770776475,0.7294478011646968,55.56482945830132,3,1,2,0,1,-9.09763833796066,-1.4989908394245068,7.598647498536153,0.002617086362364059,3.0090083457296193,1.645493033817067
nitrile,83.37971744450834,1.081380656107659,11.604447861881415,7,1,0,0,1,-8.551841398940825,-1.5232459950612403,7.028595403879585,0.006425508489003963,4.016845108520515,0.5840476868321233
thiol,77.94028560700642,3.011604648012792,15.44754499881907,3,0,1,0,0,-8.067900208379072,-2.1990293892544743,5.868870819124598,0.002686593452645943,1.6884173783222516,0.7024392547835007
phenol,96.78769906937578,2.447791750195699,31.640439881601615,10,1,1,1,1,-8.00040342871827,-0.993732274361373,7.006671154356897,0.008338663746703188,7.145461739273185,2.3557653789214643
aniline,105.64325880153251,2.137715348465047,56.36441384377332,11,1,2,1,2,-8.399020537375867,-0.9043680975084041,7.494652439867463,0.009270933925989353,7.630612508702536,2.33970330808237
aniline,116.90642562015637,1.4316234542908148,45.07502536137779,8,1,2,1,1,-8.917472696752876,-1.2085272946468657,7.708945402106011,0.007022990910925162,4.208605240113539,1.6113367833528434
acid,65.57849655877337,-0.8813193748294246,45.11125468816436,8,2,1,0,0,-9.3443926004052,-0.8634514344719156,8.480941165933285,0.006785839011012637,3.6413698380415593,2.2535451018177164
alkane,45.027562791693356,-0.39779567089762785,-5.979198227945198,2,0,0,0,0,-9.064329206621508,-1.0883120530683374,7.976017153553171,0.0016037482356183062,1.4768959906870909,0.13357761459579406
aniline,95.48782934160135,2.1005414888026728,54.46427908161478,8,1,2,1,1,-9.015738943231746,-0.9496382361634852,8.06610070706826,0.006796911268064433,4.678766498026047,2.666559963998128
alcohol,51.0815776570886,-0.1634798379938167,39.677735627325745,4,1,1,0,0,-9.872953763827486,-1.1058732902770496,8.767080473550436,0.0037972435985371995,3.5940729962726463,2.2270971493168408
thiol,59.437238219104565,0.7836660519901888,8.052383238909371,5,0,1,0,0,-8.206133955658462,-1.166427955928005,7.039705999730457,0.004241830065040041,4.227332569325365,1.2048266599162891
nitrile,75.10392460001853,0.9937051296581954,27.45062171148286,5,1,0,0,1,-8.457474488041806,-1.2807334689008671,7.176741019140938,0.0045984469862687385,4.668860302408118,1.5785436771100554
acid,68.82601206483352,1.78772673201845,62.71746428007277,5,2,1,0,0,-8.310410391590892,-2.1186437528614728,6.191766638729419,0.0042141458491656136,3.176249150843794,2.350923548634645
nitrile,83.61919277820108,2.1957765210042703,21.793980419531273,3,1,0,0,1,-7.810209740875529,-1.6964829045479726,6.113726836327556,0.0027804382434677023,3.798121168502768,1.035012044454313
halide,115.79268858335695,1.5514243716355016,-0.8338786700099311,7,0,0,0,0,-7.808324958379245,-1.4168572137212854,6.39146774465796,0.005718091241389113,5.092886184141797,0.04442941702085716
amine,89.80279557777158,0.7269382351348996,58.925842010360654,7,1,2,0,1,-8.109076691415186,-1.6729389884617172,6.436137702953469,0.006056505797289183,4.317551691397482,2.405160442257436
acid,99.6364448462686,0.7982804257398057,45.858023442792486,8,2,1,0,1,-8.171492797901697,-0.6346360476999272,7.53685675020177,0.007027598683041092,5.95130138635182,2.600297687419987
aniline,121.47676822631459,1.3343915024708384,49.47520921999914,7,1,2,1,1,-8.182328273475155,-0.7474489032601861,7.434879370214969,0.006334221432269041,4.513888110342046,2.317724002650834
alkane,73.40730932486102,3.022308522626288,9.983654458458933,2,0,0,0,0,-6.8405039822102935,-1.5323271685143032,5.30817681369599,0.0018968614360095593,3.4584555368775707,0.2836105480488019
aromatic,119.95244771559754,1.6321584218387897,-6.88193749538974,8,0,0,1,1,-8.777211973556057,-0.5600959784046411,8.217115995151415,0.00678388961414238,4.169185476933302,0.6626603828696803
amine,55.137259542763566,1.7333876280251297,50.65528913023072,7,1,2,0,1,-8.392695846193218,-0.09568509202906594,8.297010754164152,0.006055385672453437,4.398717435941756,2.5443282720913896
alkane,99.6560443700367,1.4749529788842355,4.7028235819560695,5,0,0,0,1,-9.04067982683597,-2.014486576001921,7.026193250834048,0.0042383521209501855,3.0294911108122986,0.06214177497719664
aromatic,124.42688833935739,3.102778867685446,-1.202185985351714,7,0,0,1,1,-8.132938714083277,-0.9866678403585148,7.146270873724762,0.00614010414362701,3.9835245100041345,0.15798444612118642
ester,113.48532373949033,1.9888662284877077,42.08184074069477,7,2,0,0,1,-8.431636442557956,-1.3992046486068723,7.032431793951083,0.006072517989180191,3.702240371555011,0.2993376779542236
ester,110.7990679505775,0.7058625713265767,40.21315512218873,4,2,0,0,1,-8.436530565334257,-1.4938503843947326,6.942680180939524,0.0036371021745354114,4.039437854023249,1.544690214355651
alcohol,42.445677136123166,0.9033616317803235,20.177355810791745,6,1,1,0,0,-9.106824296549972,-0.18228903000159657,8.924535266548375,0.0049304652814390944,3.3714867432593874,1.4852004419120293
halide,51.823501538372525,1.748644527816161,-3.171654967627728,7,0,0,0,0,-8.706589996573868,-1.5252262490914787,7.181363747482389,0.005760138781897762,3.158648472451644,0.0
amine,39.84514378486597,2.4915281354165946,53.88883694542463,2,1,2,0,0,-8.110977096318306,-2.1056349999794906,6.005342096338816,0.0022741805666022566,2.1020944771818084,2.7021951008123373
halide,58.95586785789114,2.8187518583504243,-5.098800926907318,3,0,0,0,0,-7.817866541241032,-1.8883716589963342,5.929494882244698,0.0024672868198250776,2.877542914487679,0.0
nitrile,72.74258645832167,0.9538077702742344,27.828897656016274,3,1,0,0,1,-8.428453160043915,-1.991097715412006,6.437355444631909,0.002736198689434088,3.2294364919708114,0.9066353798411928
heterocycle,99.80854830142763,1.1802779073769587,21.975714095158626,9,1,0,1,2,-10.047222395790913,-0.5508614548750387,9.496360940915874,0.007693912685777862,5.832197122892461,1.4703609462416454
phenol,113.9583648416715,1.7131448747105216,34.80730869078294,11,1,1,1,1,-7.978530402081066,-0.8913554257899587,7.087174976291108,0.009299800899742347,5.466896095549339,1.8699986352338607
aromatic,134.44026843148566,1.905044815848372,-10.539766708887214,11,0,0,1,2,-8.598739708699387,-1.6908540626914066,6.907885646007981,0.009210817978039338,5.7555595666692145,0.3646696367615319
amine,91.25848683123834,-0.5415097177139917,43.61491777514886,3,1,2,0,1,-8.904417188266361,-1.4872300839096624,7.417187104356699,0.0028255267543440504,2.226439960018589,2.232014810952295
halide,68.8484553313486,2.7634657887070877,1.923842721024964,7,0,0,0,0,-8.08238462400923,-1.6237661451244059,6.458618478884824,0.005616932329066132,3.8420381867130025,0.0
alkane,42.63056373575213,1.3860144369233671,9.38422305640835,2,0,0,0,1,-9.0844484992605,-1.3626784869473525,7.721770012313147,0.002239032600551101,2.0088484167561838,0.29856584764129546
heterocycle,79.7687006356662,1.87049486421144,17.46915366653833,10,1,0,1,2,-8.641656344763414,-0.6628436002734324,7.978812744489981,0.00844146702764229,6.6049455441781575,1.2936126743501444
aniline,98.43359916072664,1.1318154006917147,47.09139325398877,10,1,2,1,1,-9.119174424152364,-1.07046291222187,8.048711511930494,0.008388511332435844,5.774332582311433,2.392137528690791
aromatic,87.10555155892706,3.221601947241072,-1.3153671222817642,7,0,0,1,2,-8.711016073826919,-0.340059558332804,8.370956515494115,0.006049481332618865,5.496133099181903,0.011121810190957548
phenol,115.39381699485688,2.6050358794488595,22.26915932588568,9,1,1,1,1,-8.14963052486366,-0.5810404158957267,7.568590108967934,0.007475330776411074,7.42685021198145,0.7858280768870902
alkane,117.46437834548706,1.7533353379105403,1.6878727439946677,5,0,0,0,0,-7.471291627337455,-1.5842906182033583,5.887001009134097,0.004193181637983058,4.710206521237227,0.0009588901948610409
aromatic,130.9470313211282,2.1444313476458765,3.4928317268575255,11,0,0,1,2,-8.368323990188149,-1.157603778024749,7.2107202121634,0.009457761805572671,6.395195092283627,0.3236897075488429
alcohol,89.75980131876895,-1.2710722393869585,33.57557966808713,6,1,1,0,1,-9.084127228489194,-0.46913775871336716,8.614989469775827,0.005398305839680308,3.1829655216713677,2.1304266398060054
thiol,65.20568940490894,1.8527458014863116,15.885246737549563,2,0,1,0,1,-8.281729562739782,-1.492985244547245,6.7887443181925375,0.0019213635579258472,1.6196764902310106,0.26374882454260373
thiol,68.34225016979238,2.9649222050361237,12.080565304538904,2,0,1,0,1,-8.067097290702659,-1.9096526205660413,6.157444670136617,0.00198756357917384,1.6350651030540204,0.04870211717832845
amine,54.38422164474454,-0.7447666583784858,51.597001318956146,4,1,2,0,0,-9.6359751235015,-0.7976251090485049,8.838350014452995,0.0035637556510494804,2.188550045143921,1.2279736951994602
amine,49.967171648714555,0.5501794142988723,53.076283834842805,5,1,2,0,0,-9.62747744472351,-1.0441482882637119,8.583329156459799,0.004117139184838843,4.467390015547254,2.0090578906201633
alcohol,76.7347033827559,0.1744332031615179,39.068818449831056,7,1,1,0,1,-8.406403789593883,-1.04867424610846,7.357729543485423,0.005870320267809609,3.874411887138071,1.104359644377775
ester,104.90830423385995,2.870729466168305,42.8799243520701,8,2,0,0,1,-8.145890679811544,-2.452777629788076,5.6931130500234675,0.006687219953360047,4.425505056701629,0.6571011012492942
alcohol,79.96763285291286,0.05136678065459899,34.569496740894756,7,1,1,0,1,-8.528526454304284,-0.9922857970481503,7.536240657256134,0.006000497805432398,4.376046738676911,1.9174501553186953
phenol,110.82944341942859,1.827296035864709,34.78433205179546,10,1,1,1,1,-7.866169970763253,-0.6558383782895871,7.210331592473666,0.0082203739507508,5.557754055570635,1.9195676024341046
alkane,108.75044480111477,3.330092320699927,-0.48643299206744733,5,0,0,0,0,-6.793701421808866,-1.2716782823543475,5.522023139454518,0.0041157539657669506,3.165668651633721,0.0
phenol,119.48238019845212,2.5280306866544446,37.02427543817854,7,1,1,1,2,-9.027840251269076,-0.8932546116330238,8.134585639636052,0.006109360346709979,4.6172903285877815,1.593994815047106
halide,86.87309688940951,1.545828865830258,4.097237863089488,2,0,0,0,1,-8.47491485848777,-0.9570490819742916,7.517865776513478,0.002006307655535335,3.659352965650708,0.0
aniline,99.77670923092194,0.9530023647766528,46.68649295822368,7,1,2,1,1,-8.246707139092997,-0.0387654052220493,8.207941733870948,0.005829281197748631,4.678636258601459,1.7356612410234085
thiol,81.63773240494663,2.755851524815229,11.172523494788754,7,0,1,0,0,-8.251918717548538,-1.8630990800329907,6.388819637515547,0.006155818358507083,4.184110193044041,1.1133846595131143
aromatic,137.03948238243237,2.4640615191727013,1.5481004095458342,11,0,0,1,2,-8.028646930774489,-1.4013160370384967,6.6273308937359925,0.009226363022724686,6.8783473578603065,0.4562058253517641
alkane,105.01126984097037,-0.26617160090703085,-8.722929934870963,4,0,0,0,1,-8.368785928921074,-0.9850426238967303,7.383743305024344,0.0037331292053243434,2.765829768939939,0.001014653155195333
nitrile,42.13727184113483,2.895231447901624,21.087202076516306,8,1,0,0,1,-8.308662289566817,-1.5877144439222275,6.72094784564459,0.006634296650401424,4.128526036011366,1.3402874028795944
acid,83.30072908577677,-0.7278947017300942,57.3830148366199,6,2,1,0,0,-9.046090521876929,-1.3036185175441295,7.742472004332799,0.004838978956249822,2.7837585429145655,1.744008063182198
halide,54.27261476897849,1.2506860964454347,0.06618336400835102,3,0,0,0,0,-8.396319908802477,-1.8105330363085166,6.58578687249396,0.0026522847416011377,1.6775469058360666,0.0
amine,81.16474300004566,0.6658677826199328,56.258625042825976,7,1,2,0,0,-8.859450888668569,-1.4319955177017543,7.427455370966815,0.005743730951273594,4.098962065414787,2.8930665957907555
aniline,101.15130720375896,1.0295647632956013,52.66064686940719,7,1,2,1,2,-7.81622225401508,-1.2213128372045863,6.594909416810493,0.006097203757256994,4.862228106342687,2.3786109918007323
phenol,114.25620678069487,2.4088632679574835,30.819714425771064,9,1,1,1,1,-8.198458751534496,-0.5786978784829304,7.619760873051565,0.00757806640847167,6.294358784701174,2.1369681170047174
alkane,55.94952935372197,2.57122976788739,3.3945678153594745,6,0,0,0,0,-8.25400320700845,-1.4223963115163722,6.831606895492078,0.0049893864677515625,4.4485869838268,0.0
alcohol,45.477887450477056,2.142552908523541,33.6708060404231,3,1,1,0,1,-8.540427894770373,-1.0786145146969872,7.4618133800733855,0.003197918111316247,3.3057667936897133,0.7139693918849361
amine,67.28401890044076,1.8820045013020654,48.40446701494551,6,1,2,0,1,-8.310234020481646,-1.526370274017938,6.783863746463708,0.005173368232423297,3.4034617779638787,1.774088134518877
thiol,86.42230527530668,1.4037685683387913,6.366966594381108,4,0,1,0,0,-8.705762523964145,-1.8452796230755668,6.860482900888578,0.0033751359635878844,2.5213102048971523,0.0
heterocycle,95.61327773724297,0.880839009332699,15.482327767118639,9,1,0,1,1,-9.101150665886177,-0.6390910557112776,8.462059610174899,0.007741498018088283,4.980030153007593,0.59497844969726
thiol,84.96684339197185,1.2921011068268422,17.428444795952576,6,0,1,0,0,-8.945375419907638,-1.3862849795208798,7.559090440386758,0.004884948998665952,3.0637222619403968,0.6737753107649621
heterocycle,115.09491150515251,2.403084386300565,25.292764080709077,6,1,0,1,1,-8.979027287034013,-0.9235748266449388,8.055452460389073,0.005307427020125232,3.601922068436571,0.6925566157814267
halide,127.37122711177884,2.8072508864602312,1.522177614069078,5,0,0,0,0,-7.933364163783034,-1.8596043877059854,6.073759776077049,0.004479984800225304,3.941887460730033,0.0
alkane,33.94233892085059,0.19430271430396528,10.708238004352307,7,0,0,0,1,-9.33273648089585,-1.1795269901728105,8.15320949072304,0.006044131818474363,4.289175307090595,0.7251097164257304
alkane,79.93672224523351,1.1691502773809743,4.192446018681725,4,0,0,0,1,-8.87093201005865,-0.9809477393074314,7.889984270751219,0.0035154852898317593,2.3879654771897085,0.042505427212508856
aromatic,103.9566774135177,3.015820637465721,-3.809872291551289,6,0,0,1,2,-8.30414955133101,-0.7725069980336401,7.53164255329737,0.005325241587622605,5.084586780988444,0.3701947806945115
aromatic,95.93784843834474,2.015616819404709,-0.7684255218100887,8,0,0,1,2,-8.146192094088846,-0.8694632153242098,7.2767288787646365,0.0071396703716537745,5.173240544255628,0.0
thiol,54.59609834676928,3.395426351172197,17.842221527973066,5,0,1,0,1,-8.341674849754648,-2.1713435210864462,6.170331328668202,0.004510142832419692,4.694919550776887,1.0810612797078665
alcohol,55.042183221453136,-0.7335879613492007,31.73541927667644,3,1,1,0,0,-9.060367754301215,-0.7982617056215308,8.262106048679684,0.0028344381778245146,1.431576307181286,1.557049195187337
nitrile,52.45351089260488,1.6277254020097658,21.223409627436748,3,1,0,0,0,-8.533848370121992,-1.405346338658044,7.128502031463949,0.0027136920360627797,2.388411398522201,0.10738858099644655
acid,53.607029514711456,0.425067332013082,44.219884787250095,6,2,1,0,1,-9.050188977908453,-1.3320791581741043,7.718109819734349,0.0054653058237044165,3.643622507574606,1.9883130808764269
thiol,108.21820160866983,3.2567291684302697,8.603730139123668,7,0,1,0,1,-7.446754829352002,-2.1447683561477544,5.301986473204247,0.005830050891398042,3.890918806432939,1.441562352954781
amine,37.69536619550561,2.4350985053365517,45.52826976961236,6,1,2,0,1,-8.598412320844208,-0.8668070523755309,7.731605268468677,0.005551216002646256,3.503127070048177,2.93545415357642
ester,114.9305414595946,3.4027790779924167,38.24237632428353,7,2,0,0,1,-7.460148380766854,-1.60175635651377,5.858392024253083,0.0058957284502070715,5.060937819201683,1.726152989567917
aromatic,81.84791260548963,2.416524083073028,-1.4139787457378503,10,0,0,1,1,-8.762732246483205,-0.6214476596740977,8.141284586809107,0.008385044259906934,6.099654674403258,0.0
thiol,63.31819041140458,3.0775354360906912,9.04828255915815,6,0,1,0,0,-7.8739510848992,-1.3284354873200794,6.54551559757912,0.005017712394995617,3.6419451464255017,0.6673557780111377
acid,114.75803478805918,1.9430144340613182,51.67061144439782,7,2,1,0,0,-7.825427462097087,-1.5468932598464984,6.278534202250588,0.006021437464283098,4.497213905476486,2.2779618839905504
aniline,113.45601089139744,2.1309389660919305,50.962105588840906,7,1,2,1,1,-8.100249307675572,-1.7177309942994468,6.382518313376125,0.006277135689374807,4.000074582270808,2.6033532617052044
ester,128.044912399162,2.624553460277352,44.71296810449896,7,2,0,0,1,-7.491355897948283,-2.085297789911583,5.4060581080367,0.0062746501048380745,4.443548027726275,1.8433423031428486
thiol,74.80479621158858,2.98014475880656,16.994909503511728,4,0,1,0,1,-7.677543046819682,-1.9804669692841919,5.69707607753549,0.003715556458158256,4.0188303058161665,0.0
ester,65.0303516088672,2.2763984747110007,29.72619346162353,6,2,0,0,1,-8.372272097918165,-1.1907068173790685,7.181565280539097,0.0052909401185345225,3.3116391405871966,1.3000080304231965
acid,56.48128362999497,-0.5419295984757379,57.42546934248556,4,2,1,0,1,-9.115373260567791,-0.9529847929260994,8.162388467641692,0.0035291375000385877,3.1558528366239966,2.293464918230193
amine,68.80766682648104,1.4830689942360813,43.41584894470879,2,1,2,0,0,-8.170294808591594,-1.2321042171289684,6.938190591462625,0.002314780684805222,1.4042263184699249,2.145089304801639
aromatic,80.49573187627527,2.399265376845361,-1.5130987973522327,7,0,0,1,2,-8.929370595426047,-0.35361375910628273,8.575756836319764,0.006443782353202269,6.103244065520431,0.634707453792669
aromatic,126.24538819772877,3.2212608027922602,-5.10522580339161,10,0,0,1,1,-8.10278932611748,-1.158773915567862,6.944015410549618,0.00830104959029218,5.643642358578975,0.09335929354547774
alkane,59.8412097608297,1.8430258111219202,-0.7039544320819263,7,0,0,0,0,-8.04197048626173,-1.3451505742895649,6.696819911972166,0.0056475904511116065,4.392784503390974,0.0
alcohol,51.59952069317756,1.4350139897516647,32.88043123790081,7,1,1,0,1,-9.317403296800787,-1.8058285634613762,7.511574733339411,0.005927081981938251,4.174706095426493,1.8495071124453344
nitrile,48.64663310921058,2.0216493815669594,21.382071821268774,8,1,0,0,1,-8.106116389391156,-1.4508108900256356,6.65530549936552,0.006621033947619965,4.685408879549256,0.43492169081255166
alkane,79.82214605921962,2.016432223354361,-1.743625361242188,7,0,0,0,0,-8.44143388158576,-1.1793846764048892,7.262049205180872,0.005657391297464485,4.680823588005506,0.0
alkane,114.2439213044067,0.2407351791190817,-6.128028818836241,5,0,0,0,0,-9.025003105556872,-1.2360875539525953,7.788915551604276,0.00447372737692313,2.4419899362881257,0.0
aniline,93.13778482136571,1.7709845154947597,51.7286328990079,8,1,2,1,2,-8.347753564665588,-0.6879583928669,7.659795171798688,0.006965060748807933,5.243682897077363,2.0162463938466795
heterocycle,129.9627622994233,1.937379343009049,12.736212266189264,7,1,0,1,1,-8.658635146814053,-0.203378644551377,8.455256502262676,0.006122586514066412,4.593713424597947,0.5486778032183419
heterocycle,96.77213118714552,2.4427180481710167,20.88559915002515,8,1,0,1,2,-8.342163695991864,-0.6236228147633401,7.718540881228524,0.007096116546361066,6.1976477304692565,0.5572569041588957
nitrile,46.57419011170892,2.7051942735952608,26.995681908480435,5,1,0,0,1,-7.934108865391071,-1.3292264367384488,6.604882428652623,0.004243689094303165,3.1218757323817927,0.5739440509705189
heterocycle,102.61494246131144,0.5859502512937977,15.094503162658928,5,1,0,1,1,-9.392589659297704,-0.5705718442107317,8.822017815086973,0.004608615249255796,4.3564621193681585,0.41549989923610686
nitrile,95.14491473398223,0.8416583019470756,18.64311753534138,3,1,0,0,0,-8.494303859906653,-1.6112087042982697,6.883095155608383,0.0026073187697600634,3.073173749762131,0.6474565669323964
thiol,61.64299586954969,3.306652570217959,13.438659026966736,6,0,1,0,0,-8.649101611818317,-2.0760848000215106,6.573016811796807,0.00527046193411915,3.161667977502281,0.0
halide,105.60073427496988,1.0149548958834187,-0.26651434495577186,3,0,0,0,0,-8.363005189939427,-1.6590056495653664,6.703999540374061,0.0024357371788098835,1.731598433296857,0.0
alcohol,71.87827176500613,0.47315990340266634,26.56765924382949,2,1,1,0,0,-9.113517641404732,-1.0830787072969805,8.030438934107751,0.0016537679876349265,1.204053082737618,1.268922452967412
amine,44.249314657587966,0.14787196137782632,53.23742345354737,4,1,2,0,0,-9.107102611044066,-0.7259061916700904,8.381196419373977,0.0035105234342121924,1.814501580945921,1.9932163446216318
nitrile,69.99123696220006,2.5347892092739257,15.886489884604494,5,1,0,0,1,-7.6844798663527305,-1.4721663423865436,6.212313523966187,0.004774133920448677,3.8959479147805824,0.5664059460927058
acid,74.9959905333439,-0.39944970824542136,59.98277442249202,7,2,1,0,1,-9.417346139049469,-0.9022568834609396,8.51508925558853,0.006076791916836356,4.342044990148402,3.4079640547050856
nitrile,67.59358196945807,2.5896574281732323,14.151949987605864,7,1,0,0,0,-8.703127943857767,-0.8973384988612384,7.805789444996529,0.005738701911656386,3.180766872417209,0.6108877792609682
phenol,106.52442792723733,1.344926493656703,39.97745141472659,9,1,1,1,1,-8.455871025755926,-0.5838741356299392,7.8719968901259865,0.007465167847465603,4.7012905924475294,1.7449270693806573
aromatic,106.58816466960427,2.8199026022585576,2.2190635469155233,9,0,0,1,2,-8.215975979552525,-1.502619282032811,6.713356697519714,0.007668844514639082,5.732699710914048,0.22047917905686437
alkane,90.50160837358305,0.7655520272755374,8.839649567899414,3,0,0,0,1,-8.494211716239521,-0.9220210345402169,7.572190681699304,0.002749788679561746,3.1719325197004293,0.0
acid,65.04555116608081,0.5080379743882006,66.03262653570201,3,2,1,0,0,-9.036733309771387,-0.9928741918918195,8.043859117879567,0.0027205386201732897,1.4676022969192595,3.7094119576216125
alkane,73.972564081638,2.482888957436121,-0.7725283962495023,4,0,0,0,1,-8.44172984478434,-1.682011574565976,6.7597182702183645,0.003472749037381367,2.4118880301444534,0.0
halide,107.827329909968,3.7559938451838857,-0.4486538495580927,6,0,0,0,0,-6.892490346486467,-2.060757020999725,4.831733325486741,0.004877786292460473,4.2856368859743235,0.0
phenol,110.62217909864233,2.0356014303717953,34.380953528351704,11,1,1,1,1,-8.307530576907526,-1.5008045088552915,6.806726068052234,0.009322429804145315,6.401852324897824,1.6007620200239188
halide,111.56000932049506,2.7644390443422107,-5.430367913062395,4,0,0,0,0,-8.281141202125923,-1.595072359905046,6.686068842220877,0.0036587940436901886,1.877507588331866,0.20466569139770124
phenol,114.46850972933447,2.6599180740730266,34.95602655257214,8,1,1,1,2,-8.180996575512543,-1.0573971513019587,7.1235994242105845,0.007468919552422865,6.281516499716599,2.104809060070074
phenol,128.41767974281464,1.4470769408354278,37.24989170673274,8,1,1,1,1,-8.413210250400283,-0.6572523323287929,7.75595791807149,0.006698983061597179,4.933131436334243,1.104005216154608
ester,112.81992068077419,3.027365004358002,41.171491801884486,7,2,0,0,1,-7.628862522523807,-1.625039895066324,6.003822627457483,0.006455759129925287,3.882747437453016,2.060113260560332
nitrile,64.4404767371833,1.124565219524305,19.988748777479213,3,1,0,0,1,-8.32098019137659,-1.5633817293603072,6.757598462016283,0.00282978663581787,2.6643898285923884,1.4451611997062543
aromatic,98.84005804882116,3.095021671361505,-0.3867808991042704,6,0,0,1,2,-8.459527313682543,-1.3602113516947565,7.099315961987786,0.005268787796065693,5.411353111665833,0.0
aniline,110.7371387432457,1.8571654521123788,44.8464148403383,9,1,2,1,2,-8.628785603489405,-1.1848617720528318,7.443923831436573,0.00783328177832448,5.606099012306803,1.4441187855359372
acid,66.69308835358723,-0.9038692318654684,48.29821895989398,7,2,1,0,1,-8.929673305508802,-1.6432669715364974,7.286406333972304,0.005865181947468587,5.440099393130477,2.518807546632063
acid,80.52168547223738,0.08389669655804921,58.302212832742185,3,2,1,0,1,-8.631488333546933,-1.097963417341593,7.53352491620534,0.002936887114732139,2.6702407519948728,1.8121808036658624
phenol,110.02057797474372,1.3009874731261937,39.31000025206067,7,1,1,1,2,-8.981413744321218,-0.4495006922460647,8.531913052075152,0.006338096373060259,5.544357280219323,2.1624674838668465
thiol,91.3988233529802,2.749188052163744,23.355606142816235,3,0,1,0,1,-7.746680202253558,-1.7315698584582746,6.015110343795284,0.003258555123956663,4.176936467252175,0.765038860590178
alcohol,38.46651087963555,1.4028625130857075,27.139798721733797,5,1,1,0,0,-8.798190428196483,-1.7032414231736102,7.0949490050228725,0.004155483952709882,4.063474119932065,1.675863886274855
phenol,116.79337055720954,2.682831026382389,34.14217744891826,11,1,1,1,2,-8.98455702174985,-0.5168199931682071,8.467737028581643,0.009655037797141774,6.706293187156028,1.6131180329934096
nitrile,109.37020098215211,0.530352252305109,19.10029956058347,5,1,0,0,1,-8.286006585828638,-1.746874808899335,6.5391317769293025,0.004410025208893767,3.066859400318238,0.17209677629561293
halide,87.80752087725125,2.1518554404315346,1.1533615119031284,4,0,0,0,1,-7.67344740670443,-1.551441354336887,6.122006052367542,0.0034503622208278935,3.515277079668617,0.3074984051078486
aniline,108.97421521351114,1.8535229619453883,43.26598725610217,10,1,2,1,2,-8.587882638618446,-1.1551738716500242,7.432708766968421,0.008838706579042007,6.271033678223807,1.9967093280854005
acid,55.17141602862496,-0.28460066885277235,55.2689271564116,7,2,1,0,1,-8.910765618163735,-1.1609094379021692,7.749856180261566,0.006343063996326045,4.273263235636267,1.8325862867967992
alcohol,61.496973857936325,0.3773077367616051,30.29438952037521,7,1,1,0,0,-9.07425757131937,-0.940515862526811,8.13374170879256,0.006069727721654154,3.914965083181346,1.1350301839967565
aromatic,102.99469265538308,2.6236378601259984,0.6058897464973099,6,0,0,1,2,-8.436645425554518,-0.5072050898962592,7.929440335658259,0.00521778479380778,4.375144323648394,0.0
thiol,50.75263240845659,3.493026342109467,14.358216110245413,5,0,1,0,1,-7.903368521976164,-1.8234069211543305,6.079961600821834,0.004333938306373556,2.7221106973061575,0.5716624928295978
aniline,101.46712337107707,1.5309269848300813,50.12564355608016,11,1,2,1,1,-8.916959235688893,-0.47545041623560336,8.44150881945329,0.009003881630431077,7.094319135917957,1.4206900039126196
alkane,71.30241979845059,2.059335381788022,7.474706556171979,2,0,0,0,0,-8.658112473353286,-1.1097654137148145,7.548347059638472,0.0021048609314847414,1.3018620359829298,0.19349713089508247
thiol,49.0224580566143,1.9204262059829798,24.704334695909345,2,0,1,0,0,-8.243202324632275,-0.7954554064041314,7.447746918228144,0.0018538306408531994,1.1835891384338408,0.24898505825394535
halide,75.52410346450165,2.2548319576851004,3.7619186635633906,2,0,0,0,0,-7.763032469233905,-1.5538301653986486,6.209202303835257,0.001691040070245001,1.5138164423030296,0.1272571286489637
phenol,113.24562704641392,2.789668794858956,36.634217351940116,9,1,1,1,2,-8.65004849773183,-0.5445441462456073,8.105504351486223,0.007632743545468401,5.153457735581397,1.7806496962363483
alkane,70.15406480166277,1.2145955174341712,-0.3985910545319953,3,0,0,0,0,-9.24932259993966,-1.9023803516627202,7.34694224827694,0.0027968098837063207,2.546696193121778,0.19390824754373837
aniline,98.43085136315395,2.1541719406645754,48.05683409466591,10,1,2,1,1,-8.075344140905527,-0.5219245319094293,7.553419608996097,0.008593540949733164,5.705473613936439,1.6335265832889572
aromatic,133.05530737354596,3.0547174266553845,9.410874401020248,7,0,0,1,2,-8.187030231583169,-0.8776477879491752,7.309382443633994,0.006069680798977271,4.0408559455482,0.14417145623333943
amine,74.72853489016403,-0.13263907323900193,53.83658620230614,6,1,2,0,0,-9.398027810500881,-1.5202006750210664,7.877827135479815,0.004934344115016813,2.769929197122536,2.381918202466655
acid,105.40366651570395,1.6791574542597578,53.9548387198629,3,2,1,0,0,-7.88161385103643,-1.705757424699592,6.175856426336838,0.0024706709611919684,2.396321239823341,2.0784193090351484
ester,66.49498178887175,2.1860275241386034,40.0563884830933,4,2,0,0,0,-8.351461315860448,-1.7628905998272622,6.5885707160331854,0.0036456686009693215,1.9112153352348047,1.4166679974724432
thiol,98.61413849970128,2.6511708993216336,15.575656837539048,6,0,1,0,1,-7.537969274789791,-1.6700498206580516,5.86791945413174,0.005368518310500316,3.1095928354585762,0.5259673551594176
acid,72.06372452381919,1.1342280431292266,44.960534745976645,5,2,1,0,0,-8.476527323680022,-1.7405243984950092,6.736002925185013,0.004059890505373454,4.123443506626656,2.4958371334284477
ester,69.55293878311576,1.460482906678608,42.744914370384556,9,2,0,0,0,-8.214992273152959,-1.742737731645026,6.472254541507932,0.007499743467399305,4.094166598916345,1.9276772853818813
heterocycle,95.43183185562823,1.7648924693815726,17.538764556173067,5,1,0,1,1,-8.72673748543013,-0.7841114201711663,7.942626065258963,0.004345590984918942,3.2774125128988363,1.3075730585449201
phenol,111.32043166347339,2.451537912428472,38.55988511495526,9,1,1,1,2,-8.946566800135198,-1.0621072753719905,7.884459524763208,0.007787381022464555,6.4401760746498065,1.6935432495326248
amine,69.12568157988656,-0.12113394918996145,50.1945660345073,7,1,2,0,1,-9.321352863305556,-1.4857554674247784,7.835597395880778,0.0059033814714251065,4.005136041238195,2.696584046320142
aniline,117.78135054621863,1.8725504132135136,49.84583742957908,9,1,2,1,2,-8.681734115548242,-1.3224269790835823,7.359307136464659,0.007754953222648251,5.947548864784215,1.3635204126681273
phenol,117.85106539718319,2.2749667017825077,30.73120388706294,11,1,1,1,2,-8.290819084281786,-0.43097630495910827,7.859842779322678,0.009212076950600138,7.293672002100436,0.7308388751612805
phenol,94.8629327990064,2.032731910027564,40.95206781646872,9,1,1,1,1,-9.035480503828225,-0.9102997788366368,8.125180724991589,0.007406674338454764,6.325461214407819,1.6786660317114996
acid,85.35496532756713,-0.05625529289247233,55.97551986571444,3,2,1,0,1,-8.582275262806325,-1.0774192774833133,7.504855985323012,0.002845629185104233,1.8635110395492402,2.7819771560515596
amine,61.067256843188986,1.7872806373387533,50.154586390163495,5,1,2,0,1,-8.522322096222911,-0.9160492232691059,7.606272872953806,0.005001850329930881,3.125120649316988,2.833037896754239
amine,82.25578189482445,-0.8139379026715389,57.255894245105324,7,1,2,0,0,-9.262396084270764,-0.9533924774566163,8.309003606814148,0.00568067403430358,3.8935991209543364,2.3944065603765443
aromatic,104.33616933855826,1.6028383091138587,-5.486688372735218,8,0,0,1,2,-8.504169889813543,-1.1802379276276265,7.323931962185917,0.007038379836537517,5.964278081369705,0.33780975575607053
amine,92.11349707877169,-0.07433236763729179,49.707943780706586,3,1,2,0,0,-8.751799332335233,-1.4309899806165407,7.320809351718692,0.0026493095573003923,2.9606101996450884,1.842147282324319
phenol,124.67723213449054,1.994267971902893,35.30234224058684,8,1,1,1,1,-8.404123231248905,-1.3281209642459604,7.076002267002944,0.0066069701132551095,6.404211292481611,1.891634943506734
heterocycle,125.4790348310664,1.3334082061649264,16.881987451853202,5,1,0,1,1,-8.906747938108436,-1.1185695225981127,7.788178415510323,0.004579732477549966,3.928822209664057,1.1219467388914666
amine,60.97866503979334,-0.014128608552769983,44.96053525188228,2,1,2,0,0,-8.726696191264992,-1.0158879911147394,7.710808200150252,0.002167583875993573,3.250309728476437,1.9682483823135783
thiol,103.9427987049177,0.5613289494282525,24.39189565996565,2,0,1,0,1,-8.767622661533549,-1.3574284493414814,7.410194212192067,0.001927837184045828,1.3281075510409783,0.4655693619051581
amine,33.36612654087515,0.4162688969655899,44.828459741628,7,1,2,0,0,-9.014079873948017,-1.5862120597162428,7.4278678142317744,0.005733896644262919,4.117918685168847,1.331109570994159
alkane,92.48361920785979,2.115024741494061,-1.6706172035040603,4,0,0,0,0,-7.759262606946499,-2.123496512226077,5.635766094720422,0.0032091894477783256,2.3810033200002945,0.0
alcohol,86.06780905084983,2.284108251269321,28.91719925309436,2,1,1,0,0,-8.394681163171038,-1.476289097836766,6.918392065334272,0.001946593610832009,1.6305137666693277,0.23811323449736532
phenol,103.73230437517579,1.4569413001358698,24.354010553999913,9,1,1,1,2,-8.730003006589367,-0.2681242341351354,8.461878772454233,0.008072685798151185,5.6437002707681785,0.7365778421932876
aromatic,118.46657756189381,3.48408401105611,-0.3353921477563873,6,0,0,1,2,-7.475367974995364,-0.8728604503296559,6.602507524665708,0.0054920990534032274,4.990351996176573,0.560018775985911
aniline,120.19136612483926,2.498008638623168,51.369019226617596,11,1,2,1,1,-8.391913221465742,-0.8122964149472178,7.5796168065185245,0.009138638122551735,6.147224409087918,2.5368547098948238
aniline,102.78560731963415,1.852157847994994,49.914810553312684,9,1,2,1,2,-8.608840351840433,-0.24776793450554896,8.361072417334885,0.008129566094590856,6.01858288606077,2.0528631132786535
alcohol,63.618195021168404,2.411667916295361,32.112305563221746,3,1,1,0,0,-7.757775178165548,-1.7878413779185138,5.969933800247034,0.002590984584930671,1.9993579329654376,1.8131478246167942
thiol,102.4555133154192,1.4661022445931562,17.24071072313353,7,0,1,0,1,-8.391163109308094,-0.5059469555249005,7.885216153783193,0.0059282663443988555,4.2353630972316845,0.0
nitrile,69.07305291796703,2.8562615480837033,22.038641848090194,6,1,0,0,1,-8.218753263566171,-1.3325514395343985,6.886201824031772,0.005013667438026362,3.684536272978214,0.774633971593653
acid,53.42126748864852,1.3484616969459355,56.15830222118259,8,2,1,0,1,-8.282023153915565,-1.2482303545114903,7.033792799404075,0.006717603281209727,4.364604910765076,2.346604523608635
halide,132.20429959058913,2.5536357270057355,2.108084149549148,3,0,0,0,0,-7.713880954807628,-2.10481384401821,5.609067110789418,0.002598673445797378,2.802478473339346,0.5210419328618371
heterocycle,115.75253496309705,1.2854201171218476,10.415920641174617,10,1,0,1,1,-9.241148261189455,-0.23565676882867126,9.005491492360784,0.008832985194063992,5.819578419538847,0.5563787814727373
aromatic,82.18614577161974,1.6056142028002207,-3.749066691422587,7,0,0,1,1,-9.055158317856916,-0.6235377222526118,8.431620595604304,0.005881046538801129,5.67560949072122,0.0
phenol,109.29925788397965,1.7919749885555163,29.099996107663706,7,1,1,1,1,-8.366185319727574,-0.9656376101044064,7.400547709623168,0.005921186206220683,4.228552503002912,2.3046128614799652
nitrile,98.72821150205155,0.8645807518391999,16.48622520089398,3,1,0,0,0,-8.760434436424648,-1.5440321407152435,7.216402295709404,0.0027967512994569368,2.14433710731662,0.8553580856514116
amine,76.31783908374962,1.806605468538054,51.276067084279376,6,1,2,0,0,-7.807225598387523,-1.4617711778018792,6.345454420585645,0.0048608391830693345,4.012165644554379,2.2676366585136103
heterocycle,73.19394524092947,0.5859152547512891,20.996190206246197,6,1,0,1,2,-8.349950231224991,-0.24175555750611605,8.108194673718875,0.005287019732181176,3.5049594591858395,1.043188842315463
halide,133.75348437892137,2.5171740983623745,2.719385020560901,4,0,0,0,1,-7.868815785164606,-1.0832791685763739,6.785536616588232,0.003400335916599367,4.882042597478399,0.2194732613862505
thiol,103.10532063924887,2.1322942744469326,7.9367948869938925,5,0,1,0,1,-8.56148079476703,-2.191345710042692,6.370135084724339,0.004347435776981877,5.126673442788002,1.1502810453050147
aniline,109.85674340359384,1.8863462574499454,53.84618104018564,10,1,2,1,2,-8.166550709049229,-0.45887286031077257,7.707677848738457,0.008663892728210252,6.108553272401309,2.537957569583507
thiol,94.77038626136228,3.0565375850223515,18.154000820730097,7,0,1,0,1,-7.534126488923827,-1.3141487905027522,6.219977698421075,0.005995838888153738,3.702703970782345,0.5365850965670548
thiol,86.60686335007472,2.04295799934405,15.091971077856599,5,0,1,0,1,-8.393832713380965,-1.1992805517601695,7.194552161620795,0.004492425544525974,4.22204763144034,1.0135507803910426
aniline,109.87864416232189,2.066110577288482,37.92946074484482,7,1,2,1,2,-8.341780069019396,-1.3495790262961807,6.992201042723216,0.0060160373737852425,4.093002604793504,2.453710984819614
heterocycle,71.82823567140554,1.7082684104341423,16.71756946590638,6,1,0,1,2,-8.207595009580672,-0.29243833323145696,7.9151566763492145,0.005504804958822467,4.126686175451008,1.2413541446004666
heterocycle,110.72483583072727,1.794821645752139,17.52625784737144,7,1,0,1,1,-8.45417341723041,-0.935061225938964,7.519112191291446,0.005986111718179407,4.08066647444392,0.832432340356604
nitrile,99.0080357668295,1.4913818070721183,25.894772892958244,8,1,0,0,0,-8.619518360085594,-1.8914472276153176,6.728071132470276,0.006458949526119432,4.592607359545466,0.3229829670876283
nitrile,80.41371020328785,1.5562377097953803,10.951915155413854,7,1,0,0,1,-8.202074741586774,-0.523705652380472,7.678369089206302,0.005991980849740237,5.318095697730107,0.8557360923955603
aromatic,102.36092695521859,3.2501683981081646,-12.254360642700433,11,0,0,1,2,-8.87313573298963,-1.4343055579922555,7.438830174997374,0.009308978194270642,6.055529803719236,0.0
alcohol,67.53896073489236,1.5556935600263517,43.08104840825604,7,1,1,0,1,-9.318275556834852,-1.6177359250212822,7.7005396318135695,0.005977271896838006,5.44791327934473,2.334190250150595
alkane,92.97364204296747,0.696414826567838,-1.7813198553071297,7,0,0,0,1,-8.252280188299073,-1.6846246054893885,6.567655582809684,0.005861631267360288,4.690026465892697,0.0
nitrile,105.88424746513446,2.8426568121992535,20.447963836842174,3,1,0,0,1,-7.401753502690245,-2.033907798772205,5.36784570391804,0.003152715338609202,4.049916961021853,0.2770129241995658
aniline,123.74004114012264,2.027121764797143,61.93475899786961,11,1,2,1,2,-8.941997362929598,-0.8414493539361725,8.100548008993426,0.009739486310276919,7.179667568349697,1.8809153591780943
nitrile,80.66596389991366,2.657315937387071,20.413591009315944,4,1,0,0,0,-7.493412709463795,-1.530361907173099,5.963050802290695,0.00338725528174086,2.7999151098446955,1.985533370492156
aromatic,105.28310671048024,1.7516140366245705,3.350396211010949,10,0,0,1,1,-8.88218752048783,-0.3689559687149127,8.513231551772918,0.008313652781037519,6.381775704293775,0.7714083387582864
aniline,99.41799908228973,1.1151379637642256,52.54039552599533,9,1,2,1,1,-8.892009405620506,-0.6077734664558667,8.284235939164638,0.007515140277712324,4.795862875708389,1.9619188703976882
halide,123.96926486946761,1.9286305244128823,1.3840986466541039,7,0,0,0,1,-8.469825290942548,-1.8062589379403349,6.663566353002214,0.0060238349448828174,4.593610908033389,0.6098539061084038
heterocycle,97.45852503490494,1.5667171750294022,22.144826955635995,5,1,0,1,1,-8.987454508375874,-0.411301322906488,8.576153185469387,0.004296134854153811,3.8750593852029684,0.6579996354020305
heterocycle,74.0637592987605,1.5366085516903307,16.50889270133714,7,1,0,1,1,-9.067134495893303,-0.28490993448651436,8.782224561406789,0.0059664389565175936,4.361937462131831,0.5252032372013922
aromatic,130.2860189172427,3.4564088615291224,-1.0203429221942448,6,0,0,1,2,-7.976930088373717,-0.13437378995122873,7.842556298422488,0.005613194696656111,5.26641747978816,0.059616063160726346
thiol,98.94001449470701,2.187584362267936,1.4809115996332984,3,0,1,0,1,-8.300789362393072,-1.8430428876208325,6.4577464747722395,0.002905875352450233,1.948734580279182,0.3442409579718653
nitrile,109.69331567141856,0.5395080979082405,20.054914462912006,6,1,0,0,1,-7.886203438149094,-1.1245788525555527,6.761624585593541,0.005513441947919138,3.3582933478913857,1.7919706132960362
thiol,97.64420436038066,1.6713395311908796,14.093844827266494,2,0,1,0,0,-8.038358493721663,-1.3064931885840403,6.731865305137623,0.00191098686974938,1.5128495390562167,0.0
nitrile,87.32684316793919,1.1378116401440848,15.068799447417012,5,1,0,0,1,-8.482315783673258,-1.3747405565198938,7.107575227153363,0.00454206284368102,4.098910033973441,0.6614272925317511
heterocycle,93.73319502214972,0.5202586746829176,30.308995763658043,8,1,0,1,2,-8.818288668698653,0.011411464901154134,8.829700133599808,0.0077265536584580855,5.019150172121413,1.2969566921107218
heterocycle,123.58977804622306,1.625931822669777,15.411455127498702,9,1,0,1,2,-9.098857770668591,-0.2938616811756442,8.804996089492947,0.007806583510293667,6.0219984439737555,0.8508283599246287
phenol,101.75782510525721,2.392326148449617,40.62521960854013,8,1,1,1,1,-8.573605869392981,-1.6896624330460934,6.883943436346888,0.006657228138100365,4.1953587959591285,2.6073776692408215
thiol,100.82183220729863,3.0910461182656106,7.273500272356212,5,0,1,0,1,-7.887392153546126,-1.3832875878839928,6.504104565662134,0.004365130053280436,4.220914062865583,0.7644735819834403
phenol,98.39088271154642,2.563811708688426,41.45281881160587,11,1,1,1,2,-8.37933639494075,-0.4933023422978073,7.886034052642944,0.009470269098591373,6.378741145031205,1.9361493992112608
phenol,126.3611767475385,2.7548861098347377,20.664725231086283,9,1,1,1,2,-8.389620175004344,-1.022282339974682,7.367337835029662,0.008125629571818092,4.963019669878774,1.8843497646715475
aniline,108.41093085459339,2.3668644732038695,56.064418458615776,8,1,2,1,1,-8.07898528660524,-1.4438218189557297,6.635163467649511,0.0066904656920438715,5.218618259779515,1.311798494088114
aniline,107.29884295725289,1.4953597244777406,54.210634795688165,9,1,2,1,1,-9.16010275396566,0.49556027131399716,9.655663025279656,0.007535415335289319,4.536421170300462,1.4654889297023046
thiol,73.85727877056117,3.1384005667696293,5.510322407492518,5,0,1,0,0,-7.831764893119282,-1.6486880909752955,6.183076802143987,0.004167272752847445,3.855052431951473,0.755163180769918
alkane,104.48680547933239,2.342489796049292,-3.404647722019707,3,0,0,0,1,-7.472342081880941,-1.7482569739547087,5.724085107926233,0.0027284983466489324,2.1725602605858754,0.21508487694637876
acid,71.08657280461306,-0.016228349407887976,56.93529364697872,4,2,1,0,0,-9.397645888945366,-1.0177214011369806,8.379924487808385,0.0035067221676081417,2.732487550789078,2.3563865111977136
acid,118.93596151188859,1.955140090162613,58.73636025571727,8,2,1,0,1,-7.939006252280844,-2.113702904900587,5.825303347380258,0.006724384885508011,4.6943939605782,2.47502685200126
aromatic,138.51996022288589,2.2993522703272737,2.4258055627286894,8,0,0,1,2,-8.513201692048456,-0.9145073555343378,7.598694336514119,0.007095840895088231,5.069325615187308,0.4392264030621808
ester,125.07192804050199,0.845558159942782,36.40259227010726,6,2,0,0,1,-8.523462632592377,-1.8464713099631007,6.676991322629276,0.0052809708067570365,3.53725275147189,1.8097201218798515
ester,68.67481249274604,2.1657668597001685,43.10800656560485,7,2,0,0,1,-8.315771143168831,-1.4288301089000166,6.886941034268815,0.006155555374159695,6.17373037450068,1.9216606636565847
alkane,39.822959708916144,3.2324287669723137,-10.736445148693274,3,0,0,0,1,-8.27675406045494,-2.030743356973953,6.246010703480986,0.0027588318282098226,2.802232933801106,0.0
aromatic,87.54574211981284,2.345600665093587,-2.9329254253545036,8,0,0,1,2,-8.121833800855244,-0.6218021093373098,7.500031691517934,0.006845374294023913,4.919113342071383,0.0
halide,78.87532063458355,3.2741086337735084,-2.5814879843075427,3,0,0,0,1,-7.44661657251239,-1.5000803560272447,5.946536216485145,0.0027680987534696774,2.0590254386917497,0.24795891532185937
acid,79.48558693280442,1.5279638651545886,48.67729004026043,6,2,1,0,0,-7.694853008888098,-1.1600161734156584,6.53483683547244,0.004803058834687514,4.608262566746135,2.3598082425187266
ester,73.16729596849459,1.5170708777594795,35.38260110033348,8,2,0,0,1,-8.877117997511657,-1.4117229279124957,7.465395069599162,0.006627057724013216,5.08300780773195,1.578252407148452
ester,126.09005529533923,2.015460184576246,32.38900362404286,9,2,0,0,0,-7.475609074042883,-2.1147784710411095,5.360830603001774,0.007230741710130948,4.341142856880329,1.2068292540100283
halide,92.46123566544624,1.9647523086083534,-9.475229249739405,6,0,0,0,0,-8.12409232848437,-2.459926453027629,5.6641658754567406,0.005196658789826235,3.344632552816102,0.0
heterocycle,91.44737348004159,1.6100204918798107,21.21322135661931,8,1,0,1,1,-8.662768198324702,-0.604866830787119,8.057901367537584,0.00672386741856672,4.871373283223631,1.1030512831688546
ester,127.63418377577234,2.065940342354152,42.18827836767153,4,2,0,0,1,-7.6148064605232335,-1.8974049768774741,5.71740148364576,0.003637118043089852,3.3755024093871677,2.478667408344409
aromatic,124.64439269488028,2.5083572087816277,8.593975015249297,9,0,0,1,2,-9.278181986506956,-1.7008673103113185,7.577314676195638,0.007762951249316835,4.867433458325082,0.4739618376107456
amine,79.12563978079459,1.0552552203908148,49.5920611515744,7,1,2,0,0,-9.232679202042604,-1.9738169389296127,7.2588622631129915,0.0057446200506576575,3.777262435403616,0.7615087463633323
heterocycle,97.6798711852147,2.4325937745208375,11.69247540130745,7,1,0,1,2,-9.32643107862904,-0.675205422097923,8.651225656531118,0.006177593642318994,5.0474915339928215,0.7440137890352739
alkane,31.903321470279604,-0.2507206587608295,-2.77663609409508,3,0,0,0,0,-9.131374216847957,-0.4723828270010211,8.658991389846936,0.00244662879830054,1.7721076900790442,0.0
amine,68.77250449703207,2.22785426574116,54.65419113175265,4,1,2,0,0,-7.562425875327671,-1.31414184229578,6.248284033031891,0.0033115150089757087,2.871756745901835,2.125538512811617
halide,131.61265282449952,2.012469119153316,5.301636023898471,2,0,0,0,1,-7.951516663979353,-1.4330919531340365,6.518424710845316,0.0025079315802988837,1.72389243019313,0.0
aromatic,124.5519922541813,3.087270767724755,0.6551355809670978,10,0,0,1,1,-8.578340423925443,-1.0595531032393923,7.518787320686051,0.008210683220857029,6.537689982641879,0.0
ester,108.28332939108608,3.1047093208486993,44.85503167979594,8,2,0,0,0,-8.334456295754915,-1.675410575622523,6.659045720132392,0.006742444230430965,5.043240967843375,1.6595229836673893
nitrile,47.93601809775288,1.289411194615228,25.930712510594155,3,1,0,0,0,-8.645342655998174,-1.3201115348988477,7.325231121099327,0.002520092972492902,4.783822044120807,1.140089796901643
aromatic,107.51768891407696,3.37108388768531,9.668967425940934,8,0,0,1,1,-7.44433948206858,-1.4954874855223688,5.948851996546211,0.0068779599333471456,5.781902544080621,0.0
nitrile,56.86641322948564,0.9259787728965623,31.963383615091207,6,1,0,0,1,-9.190229760160458,-1.971787207457166,7.218442552703292,0.00538597703938617,4.092170926471688,1.0690975721732512
alcohol,99.93912167224823,1.1627389444261476,38.80066542687927,2,1,1,0,1,-8.259980793648142,-1.2202783933336356,7.039702400314506,0.002011401978860965,1.5155336965977502,1.6303980297316676
thiol,101.36759708718549,1.5268072228640683,16.28317190540765,3,0,1,0,1,-8.159980609673859,-1.295110011744406,6.864870597929453,0.0028751146839382283,1.8279317050608912,0.8044089934691793
alcohol,85.17635161019605,1.9672057530477058,44.98648265373997,2,1,1,0,0,-8.69907334897584,-1.8691319186844026,6.829941430291438,0.001670634510492979,2.833339378199545,1.013610083536148
amine,44.84676449442569,0.5732991563990981,53.18453141686105,5,1,2,0,0,-8.832919573924022,-1.807491341143196,7.0254282327808255,0.004025086323223168,2.9174303506189503,1.4578474924329052
ester,126.32451315313494,1.44415234239609,34.61208376198144,5,2,0,0,0,-8.17601941767824,-2.0807700072075197,6.095249410470721,0.004100512710261224,2.3120379857143374,1.9596955888115493
aniline,106.19599725751118,2.2884163756963014,46.506597820075854,7,1,2,1,1,-8.599635270311314,-1.4216882142799907,7.177947056031323,0.005840537035560424,4.0900248081061985,1.8838892609791955
phenol,105.54642828232426,2.24510701603651,39.1221353119249,7,1,1,1,2,-8.213636170372537,-0.5093433049574845,7.704292865415052,0.006223649671957495,4.27511375618937,1.0723374461135837
alkane,71.019866085025,0.4106351415785364,1.1886780116613895,7,0,0,0,0,-9.046310511124958,-1.7446296344111896,7.3016808767137675,0.005621638852314161,3.785391250876563,0.1341682758522728
alcohol,86.69864430040127,0.6308891042629607,31.512880883498617,6,1,1,0,1,-8.221310540479962,-1.7442938473001435,6.477016693179818,0.005234705102725299,3.3287812690061913,2.0083167599861387
alkane,43.155591977342844,3.210988857053536,-1.2263892297105488,4,0,0,0,0,-7.880523576640499,-1.440913709533431,6.439609867107068,0.00331284682136903,1.9605875574192495,0.0
aniline,121.4729429292758,2.3446340191445914,55.39439519514869,9,1,2,1,2,-7.945418316215739,-0.922973944888466,7.022444371327273,0.008240408100243058,5.59073789659071,2.408596042181518
phenol,108.12945043353798,2.6782406408726875,35.116776580572775,11,1,1,1,2,-8.671391983917436,-0.22013780625426904,8.451254177663166,0.009309109445102888,6.011634953725307,2.07356093463678
halide,73.1435426627699,2.628825117317222,-2.8022440489718647,4,0,0,0,0,-8.688804374307567,-1.209850278426871,7.478954095880696,0.0033611290968698342,2.2906789082505474,0.0
thiol,92.52689911193207,2.201328096466377,16.876287390833678,6,0,1,0,0,-7.94705467702956,-1.4003348261519648,6.5467198508775954,0.005363140942599493,3.651008894007128,0.0
acid,75.16132608846658,1.4309076658203992,53.73968592298322,3,2,1,0,0,-8.78382773471869,-1.5027770837078942,7.281050651010796,0.002459514348187932,2.270660482236768,1.952954378502406
amine,90.86440765225566,0.7770329751810665,50.155427938855766,2,1,2,0,0,-8.428544480422914,-1.313270136899119,7.1152743435237955,0.0017009749379816306,1.409959076923379,1.083847952730129
alcohol,52.71991305573653,0.21161285472539992,34.87068576023072,6,1,1,0,1,-8.889193554553467,-1.3865497455477886,7.502643809005678,0.005476870247992691,5.58758012318955,0.9143682299086568
ester,78.0990024704118,2.488773354610762,34.62213856928492,6,2,0,0,0,-8.03885705098084,-1.3697669669238408,6.669090084056998,0.0048997596939292926,3.6713444749167934,2.0580744995849707
nitrile,49.069359083155376,0.7583071442712292,26.449648493091203,3,1,0,0,1,-9.573797582828266,-1.076080192874846,8.49771738995342,0.0027756135505919133,2.194852461367726,0.544340975789157
halide,107.88507891860496,2.9494822676898353,13.173703772075001,4,0,0,0,0,-7.529709875824432,-2.006956945752961,5.522752930071471,0.0033396490322498843,3.013042701427581,0.9498589158757385
aniline,124.45558948914902,1.5001338485116555,51.193003954642215,10,1,2,1,1,-8.023207847560556,-1.1248866352768818,6.898321212283674,0.008216480459860877,6.259227784623507,2.700164963988651
alcohol,85.06050158583867,0.4174782564981614,41.644802952184946,2,1,1,0,0,-8.351554917337232,-0.8870096308869623,7.46454528645027,0.0017662349503972281,3.693183720415302,1.472091199849752
halide,63.18921438591265,3.943829571979818,-8.321781966651004,5,0,0,0,1,-6.813766611027557,-2.207613060400944,4.606153550626613,0.004494201988298228,3.814597577036477,0.0
acid,62.8622162049097,1.2780233000671624,53.07724944991042,8,2,1,0,1,-8.349144004383891,-1.56367061314621,6.785473391237682,0.006669384606823009,4.359205489302067,2.6822158992968745
nitrile,49.43797806699449,2.8154554906871585,10.997606541329096,5,1,0,0,0,-7.502639974088879,-1.2878860064802926,6.214753967608587,0.00402100385764384,2.695701283298482,1.3061400630158042
ester,74.62717252392298,1.0943532242362721,30.07928388435502,4,2,0,0,1,-8.080577697213625,-1.3120370983254772,6.768540598888148,0.003731482146687318,2.5323504102632386,1.8804688263714096
halide,118.48576815653034,1.948826131554923,-3.154807985660653,7,0,0,0,0,-7.544590307184734,-1.5122525694018916,6.032337737782843,0.006213418478901446,4.620470159362929,0.7032958121286954
alkane,41.692935480192446,1.6406721680167018,3.2529639391235055,4,0,0,0,0,-8.376953197272073,-1.0776444682020323,7.299308729070041,0.0033996529121866083,2.078593587680064,0.10713736365721668
ester,110.66217031342865,0.6991948371298237,36.249991318757445,9,2,0,0,1,-8.607904416913794,-1.5049352680636612,7.102969148850132,0.0075470666450116325,5.518024899716323,0.36241211694449005
heterocycle,126.48117573960936,1.049941747674233,16.762702857602406,9,1,0,1,1,-8.115447385687379,-0.9665389821665626,7.1489084035208155,0.007501228926231853,4.57893844323678,0.30534937932055695
amine,85.52372209886711,1.2200658682326289,52.394377692602305,5,1,2,0,1,-9.064047290709722,-1.2302313799139935,7.833815910795728,0.00423076595511788,2.8269309879018008,2.8800537189636657
acid,79.17067423697705,-0.1615378792894312,56.0270526348063,5,2,1,0,1,-9.106329192992543,-0.5610764783380581,8.545252714654485,0.004348040462746163,3.441381057102275,2.1919488689031983
heterocycle,89.97473229386416,0.5087272430294307,23.791765163220326,5,1,0,1,2,-9.17486459793593,-0.879046321516693,8.295818276419237,0.004643892207392054,3.332143931781998,1.5646176856971517
acid,117.79491637016841,1.717706656453335,57.54910353888059,4,2,1,0,1,-7.821585163490135,-2.781584949050167,5.040000214439968,0.0037570917110530356,5.8571590784233045,2.1052120403051457
aniline,111.18135524132367,1.738676595617526,60.043776930925695,10,1,2,1,2,-9.0727172806409,-0.392771569208458,8.679945711432442,0.008906204308324004,6.41631762472406,2.9588409773265534
amine,49.865532772770734,1.90625349990749,51.12779919755091,3,1,2,0,1,-8.150139843906267,-1.8251547914396042,6.324985052466663,0.0029515914778702385,3.0619886294648593,2.2113753215476164
nitrile,73.24186238457108,2.035704626178946,18.038869935398584,6,1,0,0,0,-9.046077873845816,-1.7717001005148665,7.274377773330949,0.004802270188989346,3.8164534291474705,0.4849679659136593
acid,117.73993519569348,1.1993734236786358,58.66213904881419,3,2,1,0,0,-8.88593294488128,-1.6722712729262348,7.213661671955045,0.0026589556987032833,2.9022119621512443,1.754882526669002
alcohol,35.95137675705842,-0.03356646026955046,38.31332985192742,6,1,1,0,1,-9.068443748961958,-0.7144788378738183,8.35396491108814,0.005088925400242598,5.542087963277281,1.4811528622526564
alcohol,74.84080543119511,1.90452439904774,27.59731743717492,4,1,1,0,0,-8.685169778329579,-1.6234747767641,7.061695001565479,0.0034410755058135807,3.8649237973991806,0.6728690038691038
alkane,87.82349483959929,3.0054835956015804,-1.259886891034427,7,0,0,0,0,-7.834741957761745,-1.1637939092814502,6.6709480484802945,0.0063699975322793895,3.434220317411621,0.06935790732070708
ester,97.76064310650726,1.9441261917849748,37.79044991460155,9,2,0,0,1,-8.207996020183353,-1.8375511109376035,6.37044490924575,0.007576610983464545,4.985283254150601,2.256952184554934
aniline,93.01818013628622,1.5343076237008193,40.739190722993996,8,1,2,1,2,-9.025841515828956,-0.7098564173873184,8.315985098441638,0.006844421721364327,5.076165710510084,1.689581784224176
heterocycle,101.40140620512904,1.7332778627919017,24.545798011069383,7,1,0,1,1,-9.22944280488458,-0.206797314682377,9.022645490202201,0.006055807934390446,3.861450118685846,1.0973100636646542
alkane,108.07415685770924,1.5425359693433487,-6.437112906370155,5,0,0,0,0,-8.611360185717176,-0.8060384099709809,7.8053217757461955,0.004871520150772122,3.65587995459041,0.0
halide,133.05779266326715,2.7034341560630297,-2.8386107162635077,5,0,0,0,1,-7.872835966147188,-1.5584382944045088,6.31439767174268,0.004492795215088215,2.8361563474388802,0.6728803486682235
acid,119.46778883801292,0.024614786604868488,56.89843790306992,6,2,1,0,0,-8.660482199392936,-1.3519425456504002,7.308539653742535,0.0050893652046718005,2.738804542434259,2.668823537558415
ester,119.33665275985813,1.2126070161567766,39.83198280021929,6,2,0,0,0,-8.37814100353697,-1.4860035019776823,6.8921375015592865,0.005630230767609678,3.701430656842869,2.3222290449349487
nitrile,84.48048587993254,1.8024390818894338,15.181124063828058,4,1,0,0,0,-7.776902565525962,-0.9494728227510099,6.827429742774952,0.0034973318946762053,2.9615985654646373,0.7842368731544104
phenol,96.17190946867198,2.515541673750091,33.023779274982644,10,1,1,1,2,-7.98908972184198,-0.833479929335841,7.155609792506139,0.009089876727911195,5.4088910765026075,2.338015886237103
heterocycle,114.87536304842769,1.891104060825283,21.352426930550997,6,1,0,1,1,-8.977264955170481,-0.5703226345386135,8.406942320631869,0.0050402081662428095,3.8298876752047444,0.5320491998840831
phenol,98.60989397972033,1.7137370022589677,42.759400600612445,8,1,1,1,1,-8.286207414605329,-1.0377035494732925,7.248503865132037,0.007105075862861406,4.637171805466858,2.1138274152364005
alcohol,93.84955258325179,0.8484957621479223,28.777641061994622,2,1,1,0,1,-8.850173775981975,-1.3733695154234202,7.476804260558556,0.0019002885385493145,1.3613704702625942,0.9988969772150629
aromatic,94.41804499393794,2.720970134683577,-0.9297833859302442,8,0,0,1,1,-8.813786192191564,-1.8825495408801483,6.931236651311416,0.007013402783054359,6.172742415976474,0.0
aromatic,83.3309057068786,1.8525827300442603,5.1509770157636545,6,0,0,1,1,-8.803954802823068,-0.21877713984162983,8.585177662981438,0.005081793579029639,3.7737796321394605,0.42617307473645716
alkane,35.24724675201594,0.7662275140989845,3.452426770338841,8,0,0,0,0,-9.159054830288792,-1.0308186133971748,8.128236216891617,0.006587677118190202,3.9712158476642863,0.28017402033378835
alcohol,79.80627566752469,1.0350790922770519,41.68093050006085,6,1,1,0,1,-8.051846072952914,-1.427247854846695,6.624598218106219,0.005109036301351722,5.9919063589598505,0.9970401273682463
nitrile,65.87899264353368,2.456903370140256,20.7058450941632,4,1,0,0,0,-8.938487736108181,-1.6508050497596227,7.287682686348559,0.003586052678793651,4.091715486895537,0.27083927845549904
alkane,39.306267095029646,2.1444005747997044,-4.632879707027625,7,0,0,0,0,-8.698153612062159,-1.9367796423625832,6.761373969699576,0.005790545284044321,3.4166672365185278,0.0
phenol,101.87335214145885,2.025209082060882,27.95090285526095,10,1,1,1,2,-8.204438161549003,-0.842129135176584,7.362309026372419,0.00846122085451453,5.889986737958581,1.078937841456122
alcohol,53.381918653889876,-0.8695534055000014,39.999121234551474,7,1,1,0,0,-9.757225105210244,-0.8896206056433902,8.867604499566854,0.006044436664297692,4.042305874575077,1.1388618098731118
heterocycle,75.44056481142748,1.5223459250014462,22.439956854022938,8,1,0,1,1,-9.471354578827599,-1.1574483298264837,8.313906249001116,0.006704450937251002,4.916937286602147,1.7803758725536634
halide,117.57527000928162,1.8788077195115114,1.1358139919373302,3,0,0,0,1,-7.355736611544451,-1.4770756542445382,5.878660957299912,0.002817808709911743,3.1531241308842057,0.0
acid,109.60752387299846,0.1346015690290434,51.61362907995361,4,2,1,0,1,-8.903406874614678,-1.7751977701040051,7.128209104510673,0.003428448057919113,3.6734986608302123,1.2340213318302098
nitrile,75.45033773121621,2.1093511635606825,17.259635333775886,7,1,0,0,1,-7.7708418953663445,-1.3024408688269031,6.468401026539441,0.0058746740796025085,4.7604020271458065,1.1011212496308493
heterocycle,104.18343628371136,0.7928723491139591,16.03824144680327,10,1,0,1,2,-9.119682571141409,-0.37323087425523066,8.746451696886178,0.008519333374182063,5.746790672072366,1.2583810856451711
acid,75.06239089552972,0.2753078959769195,55.537670900268175,3,2,1,0,1,-8.730869249715072,-0.8462952197443986,7.884574029970674,0.0027665437045834495,1.8030604034802198,1.9785020710335024
acid,50.06518920062753,0.7451818938761448,60.21871698860247,7,2,1,0,0,-8.718573170130497,-1.7080819586781917,7.0104912114523055,0.0057966854183514145,4.451532746923486,3.15953728980954
acid,107.00675015857847,1.7770600062101738,58.01468471877611,5,2,1,0,0,-8.162838421467717,-1.3357969944904076,6.827041426977309,0.004348273586916022,2.2888441208724366,2.4938814360248767
nitrile,68.13782997525225,2.6768334332946595,22.943200758687013,8,1,0,0,1,-8.18700992515727,-1.9956774376553894,6.19133248750188,0.006887051013863894,5.736470435237322,0.8659372718086559
heterocycle,68.7856575459981,1.9808907095562536,23.86945590454933,10,1,0,1,2,-9.59795025408329,-0.6965823476585556,8.901367906424735,0.008449654638605027,6.234595660545238,1.4130925860381254
ester,111.06465615026855,3.346621271447376,43.37572329947449,5,2,0,0,1,-8.560003305412407,-1.5000684117149896,7.059934893697417,0.004554735171661931,3.0483945921483215,1.9739774242974892
thiol,81.13146348234386,1.3297160409707083,17.905994059971263,6,0,1,0,0,-8.7825707505816,-1.1033788186234919,7.679191931958108,0.004834011161407567,4.207265751441646,0.5336526691096993
thiol,86.13151167800913,3.170773800938874,14.066209325978237,7,0,1,0,1,-7.3369159449326595,-1.6379084985723484,5.699007446360311,0.005941375137353768,5.152864611165483,1.0297546007645524
nitrile,96.16636979455778,2.7185572453418407,19.62615539217636,3,1,0,0,0,-8.371184610701448,-1.7849379965767507,6.586246614124697,0.0024202666452242476,1.4879206938972154,0.9753520145251794
ester,107.53360894015952,0.7712242354156927,31.486106940533453,6,2,0,0,1,-8.984904177747639,-0.9403914256014967,8.044512752146142,0.005407028947239189,3.9939795264707696,1.3562486927035464
aniline,113.0524549663194,1.3546052156788966,47.95175535815999,8,1,2,1,2,-8.752257180263992,-1.3914972333591296,7.360759946904863,0.006943110538167938,4.400675716547551,2.0391230936711806
phenol,96.40572716925267,2.1487306098393857,34.27986169972662,8,1,1,1,1,-8.568118841100748,0.2149428861077861,8.783061727208535,0.007054932030176821,4.367878745544469,1.1675878330607197
alcohol,52.53106261808943,2.173767582062217,27.936170580538167,6,1,1,0,1,-9.351662599089677,-1.4231363327286484,7.928526266361028,0.005141532810091501,3.651262926059934,1.7200193718187076
acid,57.144273255982256,-0.7347931278979768,50.45448555698322,7,2,1,0,1,-9.61177018113186,-0.08123322680827216,9.530536954323587,0.005816923470150871,3.8444452107943983,1.418618135183601
aniline,115.72054016174795,1.8804526018173142,51.18413058394014,8,1,2,1,2,-7.848936913251153,-0.9203480003578918,6.928588912893261,0.006877942357041653,5.62990603175048,1.9857852087456036
halide,91.86912244072158,1.659980317981784,-9.106751709623191,6,0,0,0,1,-7.565993903259317,-1.1691870967891194,6.396806806470197,0.0052309687943824295,4.261270464135368,0.15175290512735296
ester,82.88288463138926,1.4164418371135103,28.08305648521319,8,2,0,0,0,-8.205323244355448,-2.3026096093974804,5.902713634957967,0.00684098116928237,3.8033686454319127,2.1210828572141924
aromatic,134.84460127301014,2.1430659829646634,6.001531291296608,11,0,0,1,2,-8.262579732143674,-1.0102709279133872,7.252308804230287,0.009300752377079906,9.266713251023331,0.28146583756197385
alcohol,53.50256232403493,1.6497288879438154,29.29030886928798,4,1,1,0,1,-8.574525210079669,-0.30488653624657003,8.269638673833098,0.0034669239227875827,3.9198574079274078,1.4351147221259237
alkane,70.53473441060103,1.1685911090466155,0.3301534878060802,3,0,0,0,1,-8.134248309213994,-1.128853422550909,7.005394886663085,0.002857787738864972,2.1925009408989986,0.0
alcohol,63.18212368717731,1.6363237933656318,36.6433100114124,3,1,1,0,1,-8.358877130921355,-0.8517285912105688,7.507148539710786,0.002702835845259314,3.522229380214878,2.0332608584571776
amine,62.32812841646132,0.2657578118404236,48.24523808891011,4,1,2,0,0,-9.330559741775113,-1.140935650803263,8.18962409097185,0.003538405657204791,4.536885414446307,1.2753592263819882
acid,93.11360071380665,0.22496906789896642,50.496539081436616,7,2,1,0,1,-8.922528779025367,-1.2130540110240098,7.709474768001357,0.006063686208310267,5.346847804113444,1.6522997113388294
alcohol,78.63054749100428,-0.3124941017148588,37.91327620993854,6,1,1,0,1,-8.271779208422444,-0.5810586140299681,7.690720594392476,0.005131726003678873,5.192721431401351,1.7381957225182274
ester,80.8188371365506,1.4893561386545073,47.84999242499473,7,2,0,0,1,-8.805851898628795,-1.5620525902570115,7.243799308371783,0.005944100288764413,6.588285613290612,2.6577994882318787
amine,37.02060563772133,2.3806944023665095,51.22052194489176,5,1,2,0,0,-8.380345225047428,-1.8799929034608172,6.500352321586611,0.0041443723371596235,3.9753323278997548,1.4872680728062324
halide,110.84170640804405,1.994422970977372,5.457918096887361,6,0,0,0,1,-7.8202120385827225,-1.586606723923014,6.233605314659709,0.005028765080769791,4.101821383325802,0.045869475233416175
alcohol,34.45206873086073,0.17360017662744154,40.52996684953649,4,1,1,0,0,-9.557139843701533,-0.8334449292685485,8.723694914432985,0.0033221234709050976,2.141236605648114,1.6506123274507385
heterocycle,86.66247320928287,2.46446139494717,20.770399960744342,5,1,0,1,2,-8.279597879542305,-0.24427805123062568,8.035319828311678,0.004599518516108487,4.174852360303577,0.5194848526759606
ester,76.56913961686223,2.0829090818134466,43.9445394169162,4,2,0,0,0,-8.702838664214813,-1.6182329152222594,7.084605748992553,0.003234433384700577,3.7114945069473695,1.6818194397739041
ester,90.98592106121808,0.9688739658829252,46.505791743260154,8,2,0,0,0,-8.228081825334439,-1.1157211271499081,7.11236069818453,0.006774163426342735,6.975179097886468,1.0429738241938247
alkane,86.45779566321988,2.12844086010731,-5.117487463109325,2,0,0,0,1,-8.09809512267952,-1.4835206810856354,6.614574441593885,0.002207756272572131,2.302133495097494,0.1016732176281148
halide,58.420974704792066,2.6490201977882313,4.215871550113345,3,0,0,0,0,-8.854219941530825,-1.4439206773431543,7.410299264187671,0.0026027936567420773,2.587442482127502,0.06782469734276474
amine,65.31682643912802,1.3628097134708748,46.269508716737434,3,1,2,0,0,-9.068748690014973,-1.129340522631673,7.9394081673832995,0.0025173793979799707,3.4940490136416935,1.9327003120034976
nitrile,55.61013609155262,2.5486268888615933,18.119479047202088,7,1,0,0,0,-8.473763565276352,-1.2245795735090308,7.249183991767321,0.005845731250673641,3.7921045840520544,0.6702108472430068
phenol,106.87657473493508,1.9654478817386845,35.89370481643164,11,1,1,1,1,-8.901870272875755,-0.7296699854177359,8.172200287458018,0.009186762045799667,6.636041592234093,1.3115982014396521
halide,124.62990270828072,2.7822879608535636,-8.834809490650272,4,0,0,0,0,-7.099623598844802,-2.0154791787317654,5.084144420113037,0.003425217385479534,3.7711923521234807,0.5000578303844094
thiol,61.09570165515383,0.8857655273756098,16.545011780428506,7,0,1,0,0,-7.932569918661951,-1.6309950167756937,6.301574901886257,0.005660962080018171,4.109588906757173,0.32467281628393013
aromatic,90.83307989773206,2.3454680685441245,-0.5119835330554818,9,0,0,1,1,-8.929920388417141,-1.0021109179895569,7.927809470427585,0.007613701119323813,5.505411554390731,1.1331366856421987
halide,111.15366964322936,3.311186149543981,6.960354604871275,4,0,0,0,1,-7.95858992510788,-1.6478222672570393,6.310767657850841,0.0036494568317999134,4.331641166615466,0.6141607779053839
thiol,98.84649417658927,1.2700276764265026,20.396578282160604,6,0,1,0,1,-8.420798462734853,-1.211515427443584,7.209283035291269,0.005073058412517459,4.686563072894172,0.973870343365375
halide,126.89535118941487,1.1034129784982882,7.876883247177701,3,0,0,0,1,-8.178220237346558,-1.4777979218849273,6.700422315461631,0.002701881507681971,2.817748391556637,0.0
ester,64.7008974414481,0.6162539945852884,50.60571701316834,4,2,0,0,1,-8.70374417549999,-1.927048289732768,6.7766958857672215,0.0037007127237298656,4.2886035868333785,1.9677530697731787
alcohol,94.63188941607302,0.5145317007323968,31.102588016372902,6,1,1,0,1,-8.416464830868676,-1.6220487734850788,6.794416057383597,0.005199675570894029,4.402344405335092,1.5998045238642085
heterocycle,94.34424379264792,1.9153618201601534,13.250662938521419,5,1,0,1,2,-8.421698031626065,-0.5861155081950561,7.835582523431008,0.004744813052287346,3.1036795210254415,0.09617776373934106
alcohol,76.14785455668101,2.2623776387820738,34.34431234898327,2,1,1,0,0,-8.072593514293413,-0.776661921932619,7.295931592360794,0.002223094158716126,0.9832573621593345,1.5452599818932868
aniline,118.98362244833743,1.2500099080532134,50.69962156019557,11,1,2,1,2,-9.099758090979567,-1.0846693042709687,8.015088786708597,0.009482066362677715,6.511775796765748,1.4787574235067975
aniline,116.87417532669969,2.3056987904592168,52.051060078397754,8,1,2,1,1,-8.659604226191869,0.12120616061193046,8.780810386803799,0.0071213143785411395,4.244359814451761,1.5167893894231317
thiol,51.77145178508441,0.9593011274101313,16.641369810405152,5,0,1,0,0,-9.049068943980696,-1.5523160950574184,7.496752848923278,0.004315622465807123,2.326644702149391,1.6106750225828153
aniline,103.7794094026646,1.8308168283664097,46.369924511495114,8,1,2,1,2,-8.832759855003987,-1.281548764396676,7.55121109060731,0.007107623038333372,5.045373615628567,2.609759273812502
phenol,107.29382228827487,1.5775956201928842,31.42561719051245,9,1,1,1,2,-8.24356063074797,-0.770764169145766,7.472796461602204,0.008180359220713937,6.371616700212796,0.04654624804239904
alcohol,99.26104418248518,0.7238777121137936,41.67892168160117,3,1,1,0,1,-8.565285927584004,-0.7802911623260769,7.7849947652579266,0.0027327607135676554,3.4960546915248534,1.6409267336267437
alcohol,35.7060214194081,0.9652358797101313,34.34456674656137,2,1,1,0,0,-9.657143395070708,-0.7645524649922649,8.892590930078443,0.0017815002138426193,1.5406802860482656,0.9302922955535754
heterocycle,67.05195086058518,1.6970569780865323,25.240147888086263,6,1,0,1,1,-9.241033902092333,-0.951140389034863,8.28989351305747,0.005068838109337529,3.726894917717228,0.7431913894335258
acid,105.14249620277009,0.8072307592743431,51.00923321122583,6,2,1,0,1,-8.332136212576229,-1.2258341638443961,7.106302048731832,0.005148902910302219,4.193485653482736,2.414427808509146
ester,101.87175160285423,3.1943602415032837,36.07610376422004,7,2,0,0,1,-7.671435862984869,-1.9243510091599885,5.74708485382488,0.005943283218927031,4.497239866803646,2.0453674246781404
alkane,51.687351750511624,0.05241069585168712,-0.8975960664130033,2,0,0,0,1,-9.224052905694796,-0.4326538292755031,8.791399076419292,0.0021321137046130464,2.3736724227469916,0.3081994563483272
halide,59.382519465200104,2.2445560165784957,4.371388394595322,7,0,0,0,0,-8.744336977685172,-1.8286518623399302,6.9156851153452426,0.005632610645844023,5.221358849603412,0.0
phenol,97.86324506197073,1.996236323784606,34.58275608386703,9,1,1,1,2,-8.894218224180737,-1.872947774742832,7.021270449437905,0.007974195240908252,6.1950087816838,1.13642834122644
nitrile,103.94216848819866,0.8774828285876691,22.92084536676145,8,1,0,0,1,-8.76826480595835,-1.3766729374246358,7.391591868533713,0.007209485870598908,4.254056541004717,1.3248873014807647
aniline,118.97607587901649,1.3942581394684574,49.434157951355516,11,1,2,1,2,-9.134987491682594,-0.6041172472986801,8.530870244383914,0.009375104107041855,6.3841113573386306,2.3446579473246865
thiol,54.798665749885295,1.6428210441459021,13.132785168252425,6,0,1,0,1,-8.126361844156031,-1.4793268199620726,6.647035024193959,0.0051264011823937096,4.274311436397957,0.27784222986546164
nitrile,92.44971139541218,1.353446235452982,27.68678775948901,6,1,0,0,1,-8.269784377255242,-1.6612979842768758,6.6084863929783655,0.005046539939354178,4.723688293050471,1.748403226205176
heterocycle,77.9005070446277,2.492031510205054,24.29523029088868,5,1,0,1,1,-8.646086251535813,-1.3384474272477687,7.307638824288045,0.004431209634628429,4.171148272964686,0.5358402524746153
ester,98.37913225007321,1.77873260954017,49.67690591764555,5,2,0,0,1,-8.17399683405102,-1.0328514288346726,7.1411454052163466,0.00427842612381899,3.6416887718719093,2.084774365731464
halide,103.70537153887359,2.303812527042896,1.6577084756684632,2,0,0,0,1,-7.679153964283209,-1.326793791676471,6.352360172606739,0.002008339572577606,3.2403512801979355,0.0
phenol,123.12290569024296,2.7590673969741544,38.289440052165894,8,1,1,1,1,-7.20299832449848,-1.0298269253919992,6.17317139910648,0.006839364829085548,4.513355677896559,1.7438371154769359
aromatic,113.11808035019797,2.601817536980806,9.008709738735734,8,0,0,1,2,-8.579209863178034,-1.0182691449196728,7.560940718258362,0.0071447611991564885,6.68975649587032,0.07669055287677398
phenol,124.14912677635996,1.3880070116041623,44.56477403865876,8,1,1,1,1,-8.503933817428948,-0.8246827509396583,7.6792510664892895,0.006752131584128473,4.492407968014131,1.4914902715559908
heterocycle,107.240047512535,1.7569532604098363,14.874104027779122,5,1,0,1,1,-8.308202822481626,-0.4938193332639408,7.814383489217684,0.004595077522089884,4.099915390576601,1.9401581008155524
amine,50.485857694466105,1.1010133654449534,41.48003568694812,4,1,2,0,0,-9.09902381792919,-1.4452376588649412,7.653786159064249,0.003322516588176418,1.8462973475771005,1.766327369892998
heterocycle,99.97570241422821,2.314394746673225,16.630741559097196,5,1,0,1,2,-8.710381713100709,-0.7551852843355146,7.955196428765195,0.004410403775005577,5.312687485332164,0.6507194559217424
amine,63.46673290125077,2.7687430085291007,49.601352180715956,3,1,2,0,0,-7.442618767573407,-1.2499302019054594,6.192688565667948,0.00240343363172744,1.6485447717612995,2.066126471762838
halide,79.35463778032094,1.7040167963847823,-12.58047597886383,4,0,0,0,0,-9.205225675636322,-1.8654689550057146,7.339756720630608,0.0033593669685777748,1.9365594784083557,0.0
acid,88.31630626256208,-0.5392606627416564,49.53131469141665,6,2,1,0,1,-8.544485450193752,-1.8140149047213725,6.73047054547238,0.005338697330288605,3.1661225188507474,1.6967720551500327
aromatic,132.86064168939436,2.8269065144581735,-7.718126012610408,8,0,0,1,1,-7.927744958834902,-1.1075039056834974,6.820241053151404,0.00677882666989685,4.010206752067784,0.28169423626865764
